{
    "o1": {
        "time": 0.10896477699279786,
        "min_time": 0.10726022720336914,
        "max_time": 0.11406445503234863
    },
    "o2": {
        "time": 0.1081562360127767,
        "min_time": 0.10622787475585938,
        "max_time": 0.11244535446166992
    },
    "o3": {
        "time": 0.10870514710744222,
        "min_time": 0.10725808143615723,
        "max_time": 0.11511540412902832
    },
    "original": {
        "time": 0.11322585741678874,
        "min_time": 0.10831928253173828,
        "max_time": 0.1321580410003662
    }
}