{
    "o1": {
        "time": 0.7626875162124633,
        "min_time": 0.7359378337860107,
        "max_time": 0.7993879318237305
    },
    "o2": {
        "time": 0.747388768196106,
        "min_time": 0.7325420379638672,
        "max_time": 0.7778835296630859
    },
    "o3": {
        "time": 0.7453517913818359,
        "min_time": 0.7362816333770752,
        "max_time": 0.7622647285461426
    },
    "original": {
        "time": 0.8263721466064453,
        "min_time": 0.8050217628479004,
        "max_time": 0.8569588661193848
    }
}