{
    "o1": {
        "time": 0.6798999309539795,
        "min_time": 0.6756181716918945,
        "max_time": 0.7033066749572754
    },
    "o2": {
        "time": 0.6794223070144654,
        "min_time": 0.6765434741973877,
        "max_time": 0.6817584037780762
    },
    "o3": {
        "time": 0.6813711404800415,
        "min_time": 0.6762733459472656,
        "max_time": 0.6917557716369629
    },
    "original": {
        "time": 0.6780723333358765,
        "min_time": 0.6756832599639893,
        "max_time": 0.6869950294494629
    }
}